pre	post	type	synapses
ADAL	ADAR	electrical	1
ADAL	ASHL	electrical	1
ADAL	AVAL	chemical	2
ADAL	AVAR	chemical	1
ADAL	AVBL	chemical	16
ADAL	AVBR	chemical	6
ADAL	AVDL	electrical	1
ADAL	AVDR	chemical	1
ADAL	AVDR	electrical	1
ADAL	AVJL	chemical	1
ADAL	AVJR	chemical	7
ADAL	AWBL	electrical	1
ADAL	OLQVL	chemical	1
ADAL	OLQVL	electrical	1
ADAL	RIML	chemical	6
ADAL	RIPL	chemical	6
ADAL	RIPR	chemical	2
ADAL	RMFL	chemical	2
ADAL	SAADL	chemical	1
ADAL	SMDVR	chemical	1
ADAR	ADFR	electrical	1
ADAR	ASHR	electrical	2
ADAR	AVAL	chemical	1
ADAR	AVAR	chemical	1
ADAR	AVBL	chemical	5
ADAR	AVBR	chemical	18
ADAR	AVER	chemical	1
ADAR	AVJL	chemical	10
ADAR	AWBR	electrical	1
ADAR	PVQR	electrical	1
ADAR	RICR	chemical	1
ADAR	RIMR	chemical	5
ADAR	RIPR	chemical	3
ADAR	RMFR	chemical	2
ADAR	SMDVL	chemical	1
ADEL	ADAL	chemical	1
ADEL	ADEL	chemical	1
ADEL	ADER	chemical	4
ADEL	ALNL	chemical	1
ADEL	AVAL	chemical	1
ADEL	AVAR	chemical	3
ADEL	AVKR	chemical	1
ADEL	CEPDL	chemical	2
ADEL	CEPshDR	chemical	1
ADEL	CEPVL	chemical	1
ADEL	IL1L	chemical	1
ADEL	IL2L	chemical	1
ADEL	PVT	chemical	1
ADEL	RIFL	chemical	1
ADEL	RIGL	chemical	6
ADEL	RIGR	chemical	12
ADEL	RIVL	chemical	1
ADEL	RIVR	chemical	2
ADEL	RMDDR	chemical	2
ADEL	RMDL	chemical	3
ADEL	RMFR	chemical	4
ADEL	RMHR	chemical	2
ADEL	SAADR	chemical	2
ADEL	SDQL	chemical	1
ADEL	SMBDR	chemical	2
ADEL	SMDDR	chemical	1
ADEL	SMDVL	chemical	1
ADER	ADAR	chemical	1
ADER	ADEL	chemical	3
ADER	AINR	chemical	2
ADER	ALMR	chemical	1
ADER	ALNR	chemical	1
ADER	AVAL	chemical	4
ADER	AVAR	chemical	1
ADER	AVDR	chemical	2
ADER	AVER	chemical	1
ADER	AVKR	chemical	3
ADER	CEPDR	chemical	1
ADER	CEPshVR	chemical	5
ADER	CEPVR	chemical	1
ADER	FLPL	chemical	1
ADER	IL1R	chemical	4
ADER	IL2R	chemical	3
ADER	OLLR	chemical	2
ADER	PVR	chemical	2
ADER	PVT	chemical	1
ADER	RIGL	chemical	10
ADER	RIGR	chemical	6
ADER	RIVR	chemical	3
ADER	RMDL	chemical	1
ADER	RMDR	chemical	2
ADER	RMFL	chemical	1
ADER	SAADL	chemical	1
ADER	SAAVL	chemical	1
ADER	SIADL	chemical	1
ADER	SMBVR	chemical	1
ADER	URBR	chemical	1
ADFL	ADFR	electrical	1
ADFL	AIAL	chemical	2
ADFL	AIBL	chemical	1
ADFL	AIBR	chemical	1
ADFL	AIZL	chemical	18
ADFL	ASHL	chemical	1
ADFL	AVHR	chemical	1
ADFL	AWBL	chemical	1
ADFL	BAGR	chemical	1
ADFL	OLQVL	chemical	1
ADFL	RIAL	chemical	17
ADFL	RIGL	chemical	3
ADFL	RIR	chemical	2
ADFL	SMBVL	chemical	5
ADFL	URXL	chemical	2
ADFR	AIZR	chemical	13
ADFR	AUAR	chemical	3
ADFR	AWBR	chemical	1
ADFR	OLQVR	chemical	1
ADFR	RIAR	chemical	12
ADFR	RIGR	chemical	4
ADFR	RIH	chemical	1
ADFR	RIR	chemical	5
ADFR	SIBVR	chemical	1
ADFR	SMBDR	chemical	1
ADFR	SMBVR	chemical	3
ADLL	ADAL	chemical	2
ADLL	AIAL	chemical	8
ADLL	AIBL	chemical	18
ADLL	ASEL	chemical	1
ADLL	ASGL	chemical	1
ADLL	ASHL	chemical	9
ADLL	ASKL	chemical	5
ADLL	AVAL	chemical	16
ADLL	AVBL	chemical	1
ADLL	AVDL	chemical	1
ADLL	AVDR	chemical	15
ADLL	AVEL	chemical	1
ADLL	AVHR	chemical	1
ADLL	AVJL	chemical	1
ADLL	AVJR	chemical	3
ADLL	AWAL	chemical	1
ADLL	AWBL	chemical	1
ADLL	AWCL	chemical	2
ADLL	AWCR	chemical	1
ADLL	PVCL	chemical	1
ADLL	SMBVL	chemical	9
ADLR	ADLL	electrical	1
ADLR	AIAR	chemical	13
ADLR	AIBR	chemical	12
ADLR	ASER	chemical	2
ADLR	ASHR	chemical	3
ADLR	AVAL	chemical	3
ADLR	AVAR	chemical	11
ADLR	AVDL	chemical	9
ADLR	AVDR	chemical	1
ADLR	AVJR	chemical	1
ADLR	AWAR	chemical	1
ADLR	AWBR	chemical	1
ADLR	AWCR	chemical	10
ADLR	OLQVR	chemical	2
ADLR	PVCR	chemical	1
ADLR	SMBVR	chemical	1
ADLR	URYVR	chemical	1
AFDL	AFDR	electrical	1
AFDL	AINR	chemical	1
AFDL	AIYL	chemical	10
AFDL	AIZL	chemical	1
AFDL	ASER	chemical	1
AFDL	AWBL	chemical	1
AFDL	BAGR	chemical	1
AFDR	AIYR	chemical	10
AFDR	BAGL	chemical	2
AIAL	ADAL	chemical	3
AIAL	ADFL	electrical	3
AIAL	ADLL	chemical	4
AIAL	AIAL	electrical	1
AIAL	AIAR	electrical	1
AIAL	AIBL	chemical	16
AIAL	AINR	electrical	1
AIAL	ASER	chemical	1
AIAL	ASGL	chemical	1
AIAL	ASIL	electrical	2
AIAL	ASKL	chemical	2
AIAL	AWAL	electrical	5
AIAL	AWCL	chemical	1
AIAL	AWCR	chemical	7
AIAL	RIFL	chemical	1
AIAL	URXL	electrical	2
AIAR	ADAR	chemical	2
AIAR	ADFR	electrical	2
AIAR	ADLR	chemical	3
AIAR	AIAR	electrical	1
AIAR	AIBR	chemical	18
AIAR	AINL	electrical	1
AIAR	ASGR	chemical	2
AIAR	ASIL	chemical	1
AIAR	ASIR	electrical	3
AIAR	ASKR	chemical	1
AIAR	AWAR	electrical	3
AIAR	AWBR	electrical	2
AIAR	AWCL	chemical	1
AIAR	AWCR	chemical	12
AIAR	PVQR	chemical	1
AIAR	RIFR	chemical	2
AIAR	URXR	electrical	2
AIBL	ADLL	chemical	1
AIBL	AIAL	chemical	1
AIBL	AIBR	chemical	2
AIBL	AIBR	electrical	1
AIBL	AIYL	chemical	1
AIBL	ASKL	electrical	1
AIBL	AUAL	chemical	1
AIBL	AUAR	chemical	1
AIBL	AVAL	chemical	1
AIBL	AVAR	chemical	1
AIBL	AVBL	chemical	7
AIBL	BAGL	chemical	1
AIBL	DVC	electrical	1
AIBL	RIBL	chemical	1
AIBL	RIBR	chemical	10
AIBL	RIGR	chemical	2
AIBL	RIMR	chemical	23
AIBL	RIVR	electrical	1
AIBL	RMFR	chemical	3
AIBL	SAADL	chemical	2
AIBL	SAAVL	chemical	2
AIBL	SIBVL	chemical	1
AIBL	SMDDR	chemical	5
AIBL	SMDVR	chemical	7
AIBR	AIZL	chemical	2
AIBR	AUAL	chemical	2
AIBR	AVAL	chemical	1
AIBR	AVAR	chemical	4
AIBR	AVBR	chemical	7
AIBR	AVEL	chemical	2
AIBR	AVER	chemical	1
AIBR	AVKL	chemical	1
AIBR	BAGR	chemical	1
AIBR	DVA	chemical	1
AIBR	FLPL	electrical	1
AIBR	RIAL	chemical	1
AIBR	RIBL	chemical	10
AIBR	RIBR	chemical	1
AIBR	RIGL	chemical	2
AIBR	RIGL	electrical	2
AIBR	RIML	chemical	19
AIBR	RIMR	chemical	1
AIBR	RIVR	chemical	1
AIBR	RIVR	electrical	1
AIBR	RMED	electrical	1
AIBR	RMFL	chemical	1
AIBR	SAADL	chemical	2
AIBR	SAADR	chemical	1
AIBR	SAAVR	chemical	2
AIBR	SMDDL	chemical	6
AIBR	SMDVL	chemical	6
AIML	AIAL	chemical	9
AIML	AIMR	electrical	1
AIML	AIZL	chemical	2
AIML	ALML	chemical	1
AIML	ASGL	chemical	6
AIML	ASJL	chemical	4
AIML	ASKL	chemical	5
AIML	AVBL	chemical	3
AIML	AVFL	chemical	4
AIML	AVFR	chemical	2
AIML	AVJL	chemical	1
AIML	AWBL	chemical	1
AIML	CEPshDL	chemical	3
AIML	CEPVL	chemical	1
AIML	RIFL	chemical	1
AIML	SMBVL	chemical	1
AIMR	ADAR	chemical	2
AIMR	AIAR	chemical	10
AIMR	AIML	chemical	1
AIMR	AIZR	chemical	1
AIMR	ALMR	chemical	1
AIMR	ASGR	chemical	8
AIMR	ASHR	chemical	2
AIMR	ASKR	chemical	3
AIMR	AVAR	chemical	1
AIMR	AVDR	chemical	3
AIMR	AVFL	chemical	1
AIMR	AVFR	chemical	1
AIMR	AVJR	chemical	1
AIMR	AWBR	chemical	1
AIMR	CEPshDL	chemical	3
AIMR	CEPshDR	chemical	4
AIMR	CEPshVR	chemical	2
AIMR	RIFR	chemical	3
AIMR	RMGR	electrical	1
AIMR	SIADL	chemical	1
AIMR	SIBDL	chemical	1
AIMR	SIBDL	electrical	1
AIMR	SMBDL	chemical	1
AINL	AFDL	chemical	2
AINL	AFDR	chemical	7
AINL	AIBL	chemical	1
AINL	AINR	chemical	1
AINL	AIYR	chemical	1
AINL	ASEL	chemical	2
AINL	AUAR	chemical	3
AINL	AUAR	electrical	1
AINL	AVAR	chemical	1
AINL	BAGL	chemical	8
AINL	CEPshVR	chemical	3
AINL	CEPVR	chemical	2
AINL	RIBR	chemical	7
AINL	RID	chemical	2
AINL	RIMR	chemical	2
AINL	RMFL	chemical	2
AINR	ADER	electrical	1
AINR	AFDL	chemical	7
AINR	AFDR	chemical	1
AINR	AIAR	chemical	1
AINR	AIBR	chemical	1
AINR	AINL	electrical	2
AINR	ASER	chemical	1
AINR	AUAL	chemical	2
AINR	BAGL	chemical	1
AINR	BAGR	chemical	7
AINR	CEPshVL	chemical	5
AINR	CEPVL	chemical	3
AINR	RIBL	chemical	5
AINR	RIBR	chemical	1
AINR	RID	chemical	3
AIYL	ADFL	chemical	1
AIYL	AIBL	chemical	2
AIYL	AIYR	electrical	1
AIYL	AIZL	chemical	10
AIYL	AIZR	chemical	1
AIYL	ASEL	chemical	1
AIYL	ASER	electrical	1
AIYL	AUAL	chemical	1
AIYL	AVBL	chemical	1
AIYL	AWAL	chemical	1
AIYL	AWBL	chemical	1
AIYL	BAGR	chemical	2
AIYL	BAGR	electrical	1
AIYL	RIAL	chemical	1
AIYL	RIAR	chemical	2
AIYL	RIBL	chemical	7
AIYL	RIBR	chemical	1
AIYL	RIML	chemical	1
AIYR	AFDR	chemical	1
AIYR	AIZR	chemical	12
AIYR	ASER	chemical	2
AIYR	ASGR	electrical	3
AIYR	AUAR	chemical	2
AIYR	AWAR	chemical	2
AIYR	AWBR	chemical	1
AIYR	BAGL	chemical	1
AIYR	BAGL	electrical	4
AIYR	RIAR	chemical	3
AIYR	RIBR	chemical	4
AIZL	AFDL	electrical	2
AIZL	AIAL	chemical	12
AIZL	AIBL	chemical	11
AIZL	AIBR	chemical	27
AIZL	AIZR	chemical	1
AIZL	ASEL	chemical	2
AIZL	ASEL	electrical	3
AIZL	ASGL	chemical	1
AIZL	AUAL	electrical	1
AIZL	AVDL	chemical	1
AIZL	AVEL	chemical	3
AIZL	AVER	chemical	8
AIZL	AWCL	electrical	5
AIZL	AWCR	chemical	1
AIZL	AWCR	electrical	3
AIZL	BAGR	chemical	1
AIZL	DVA	chemical	1
AIZL	RIAL	chemical	9
AIZL	RIAR	chemical	3
AIZL	RID	chemical	1
AIZL	RIML	chemical	20
AIZL	SMBDL	chemical	13
AIZL	SMBVL	chemical	13
AIZL	SMBVR	chemical	3
AIZR	AFDR	electrical	1
AIZR	AIAR	chemical	10
AIZR	AIBL	chemical	27
AIZR	AIBR	chemical	9
AIZR	AIYR	chemical	1
AIZR	AIZL	electrical	3
AIZR	AIZR	electrical	2
AIZR	ASEL	electrical	1
AIZR	ASER	chemical	1
AIZR	ASGR	electrical	1
AIZR	AVAL	chemical	1
AIZR	AVEL	chemical	7
AIZR	AVER	chemical	2
AIZR	AWAR	chemical	1
AIZR	AWBR	chemical	2
AIZR	AWCL	electrical	3
AIZR	AWCR	chemical	2
AIZR	AWCR	electrical	4
AIZR	BAGL	chemical	1
AIZR	BAGL	electrical	2
AIZR	RIAR	chemical	8
AIZR	RIH	chemical	1
AIZR	RIMR	chemical	21
AIZR	SMBDR	chemical	8
AIZR	SMBVR	chemical	11
ALA	ADLL	chemical	1
ALA	AVAR	chemical	1
ALA	AVEL	chemical	3
ALA	AVER	chemical	2
ALA	CEPshDR	chemical	1
ALA	CEPshVR	chemical	2
ALA	PVQR	electrical	1
ALML	AVDR	chemical	1
ALML	AVM	chemical	1
ALML	BDUL	chemical	9
ALML	CEPDL	chemical	4
ALML	CEPVL	chemical	4
ALML	PVCL	chemical	10
ALML	PVNR	chemical	1
ALML	PVR	electrical	1
ALML	RID	chemical	1
ALML	RIFL	chemical	1
ALMR	ADER	chemical	2
ALMR	AVDL	chemical	2
ALMR	AVDL	electrical	1
ALMR	AVDR	chemical	2
ALMR	BDUR	chemical	6
ALMR	CEPDR	chemical	4
ALMR	CEPVR	chemical	5
ALMR	PVCR	chemical	7
ALMR	PVNR	chemical	1
ALMR	RIFR	chemical	1
ALNL	ADEL	chemical	1
ALNL	RIVR	chemical	1
ALNL	SAAVL	chemical	10
ALNL	SMBDR	chemical	4
ALNL	SMDVL	chemical	1
ALNL	SMDVR	chemical	1
ALNR	AVAL	chemical	2
ALNR	BWM-DR04	chemical	1
ALNR	RIAR	chemical	1
ALNR	RMGR	chemical	1
ALNR	SAAVR	chemical	9
ALNR	SMBDL	chemical	4
ALNR	SMBDL	electrical	1
ALNR	SMDDL	chemical	1
AQR	AIBL	chemical	1
AQR	AQR	electrical	1
AQR	AUAR	chemical	1
AQR	AVAL	chemical	7
AQR	AVAR	chemical	6
AQR	AVBL	chemical	3
AQR	AVBR	chemical	2
AQR	AVDL	chemical	1
AQR	AVDR	chemical	2
AQR	BAGL	chemical	3
AQR	BAGR	chemical	8
AQR	FLPL	chemical	1
AQR	IL1VL	chemical	1
AQR	PVCL	chemical	5
AQR	PVCR	chemical	5
AQR	PVPL	chemical	2
AQR	PVPR	chemical	1
AQR	PVPR	electrical	1
AQR	RIAL	chemical	9
AQR	RIAR	chemical	8
AQR	RIR	chemical	9
ASEL	ADLL	chemical	2
ASEL	AFDL	chemical	1
ASEL	AFDR	chemical	2
ASEL	AIAL	chemical	1
ASEL	AIBL	chemical	13
ASEL	AIBR	chemical	3
ASEL	AINL	chemical	1
ASEL	AIYL	chemical	11
ASEL	AIYR	chemical	6
ASEL	ASGL	chemical	2
ASEL	AWCL	chemical	5
ASEL	AWCR	chemical	1
ASEL	BAGL	chemical	1
ASEL	BAGR	chemical	1
ASEL	RIAR	chemical	1
ASER	AFDL	chemical	3
ASER	AFDR	chemical	2
ASER	AIAR	chemical	1
ASER	AIBL	chemical	6
ASER	AIBR	chemical	15
ASER	AIYL	chemical	11
ASER	AIYR	chemical	21
ASER	AIYR	electrical	1
ASER	AIZL	chemical	1
ASER	AIZL	electrical	1
ASER	AIZR	electrical	7
ASER	ASIR	chemical	1
ASER	AWAR	chemical	1
ASER	AWCR	chemical	9
ASGL	AIAL	chemical	9
ASGL	AIBL	chemical	1
ASGL	AIML	chemical	3
ASGL	AIYL	electrical	1
ASGL	AIZL	chemical	1
ASGL	AIZL	electrical	1
ASGL	ASJL	chemical	1
ASGL	CEPshVL	chemical	1
ASGL	CEPVL	chemical	1
ASGR	AIAR	chemical	10
ASGR	AIBR	chemical	3
ASHL	ADAL	chemical	3
ASHL	ADLL	chemical	3
ASHL	AIAL	chemical	11
ASHL	AIAR	chemical	1
ASHL	AIBL	chemical	7
ASHL	AIZL	chemical	1
ASHL	AIZL	electrical	2
ASHL	AIZR	electrical	1
ASHL	ASHR	electrical	1
ASHL	AVAL	chemical	15
ASHL	AVBL	chemical	11
ASHL	AVDL	chemical	1
ASHL	AVDR	chemical	7
ASHL	AVEL	chemical	2
ASHL	AVHR	chemical	1
ASHL	AVJR	chemical	1
ASHL	AWAL	chemical	1
ASHL	AWBL	chemical	2
ASHL	HSNL	chemical	1
ASHL	HSNR	chemical	1
ASHL	PVQL	chemical	2
ASHL	RIAL	chemical	1
ASHL	RICL	electrical	1
ASHL	RIFL	chemical	1
ASHL	RMGL	chemical	3
ASHL	SMBVL	chemical	1
ASHL	URXL	chemical	2
ASHR	ADAR	chemical	2
ASHR	ADFR	chemical	1
ASHR	ADLR	chemical	4
ASHR	AIAL	chemical	1
ASHR	AIAR	chemical	12
ASHR	AIBR	chemical	7
ASHR	AIMR	chemical	1
ASHR	AIYR	chemical	1
ASHR	AIZL	electrical	1
ASHR	AIZR	electrical	2
ASHR	AVAL	chemical	2
ASHR	AVAR	chemical	18
ASHR	AVBR	chemical	11
ASHR	AVDL	chemical	10
ASHR	AVDR	chemical	3
ASHR	AVER	chemical	2
ASHR	AVHL	chemical	2
ASHR	AVJL	chemical	1
ASHR	AWAR	chemical	1
ASHR	AWBR	chemical	1
ASHR	HSNL	chemical	1
ASHR	HSNR	chemical	2
ASHR	PVCL	chemical	2
ASHR	RIAR	chemical	1
ASHR	RICR	electrical	1
ASHR	RIMR	chemical	1
ASHR	RMGR	chemical	1
ASHR	RMGR	electrical	2
ASIL	AIAL	chemical	3
ASIL	AIAR	chemical	2
ASIL	AIBL	chemical	4
ASIL	AIBR	chemical	2
ASIL	ASER	chemical	1
ASIL	ASGL	chemical	5
ASIL	ASHL	chemical	1
ASIL	ASIR	electrical	1
ASIL	ASKL	chemical	1
ASIL	AWCL	chemical	10
ASIL	AWCR	chemical	8
ASIL	CEPshDL	chemical	2
ASIL	CEPshVL	chemical	3
ASIL	CEPVL	chemical	1
ASIR	AFDR	chemical	1
ASIR	AIAR	chemical	6
ASIR	AIBR	chemical	7
ASIR	AIYR	chemical	2
ASIR	ASGR	chemical	3
ASIR	AWAR	chemical	1
ASIR	AWBR	chemical	1
ASIR	AWCL	chemical	4
ASIR	AWCR	chemical	6
ASIR	CEPshDR	chemical	1
ASIR	CEPshVR	chemical	8
ASJL	AIAL	chemical	1
ASJL	ALA	chemical	1
ASJL	ASKL	chemical	4
ASJL	PVQL	chemical	14
ASJR	AINR	chemical	1
ASJR	ALA	chemical	1
ASJR	ASJL	electrical	1
ASJR	ASKR	chemical	4
ASJR	CEPshVR	chemical	1
ASJR	PVQR	chemical	13
ASKL	ADAL	chemical	1
ASKL	ADLL	chemical	2
ASKL	AIAL	chemical	25
ASKL	AIBL	chemical	6
ASKL	AIML	chemical	2
ASKL	AINL	chemical	1
ASKL	ASGL	chemical	1
ASKL	ASIL	chemical	1
ASKL	ASKR	electrical	1
ASKL	AWBL	chemical	1
ASKL	PVQL	chemical	1
ASKL	SIBDR	chemical	1
ASKL	SMDDR	chemical	1
ASKR	ADLR	chemical	2
ASKR	AIAL	chemical	1
ASKR	AIAR	chemical	29
ASKR	AIBR	chemical	6
ASKR	AIMR	chemical	11
ASKR	ASER	chemical	2
ASKR	ASKL	chemical	1
ASKR	AVFL	chemical	1
ASKR	AVFR	chemical	1
ASKR	HSNL	chemical	2
ASKR	HSNR	chemical	1
ASKR	PVQR	chemical	1
AUAL	ADFL	chemical	2
AUAL	AINR	chemical	2
AUAL	AVAL	chemical	8
AUAL	AVEL	chemical	10
AUAL	DVA	chemical	3
AUAL	RIAL	chemical	20
AUAL	RIBL	chemical	13
AUAL	RIR	chemical	1
AUAL	URXL	chemical	4
AUAR	AINL	chemical	1
AUAR	AIZL	electrical	1
AUAR	AIZR	electrical	2
AUAR	AUAL	electrical	1
AUAR	AVAR	chemical	7
AUAR	AVER	chemical	10
AUAR	RIAR	chemical	18
AUAR	RIBR	chemical	20
AUAR	URXR	chemical	1
AVAL	AVAR	electrical	1
AVAL	URYVL	electrical	1
AVBL	DVA	electrical	3
AVBL	PVPL	electrical	1
AVBR	AVBL	electrical	1
AVBR	RIBL	electrical	1
AVBR	RMFL	electrical	1
AVDR	ADAR	electrical	2
AVDR	ALML	electrical	1
AVDR	ALMR	electrical	1
AVDR	AVM	electrical	1
AVEL	AIBR	electrical	1
AVEL	AVAL	electrical	2
AVEL	AVER	electrical	1
AVEL	OLQDR	electrical	1
AVEL	OLQVR	electrical	1
AVEL	RIML	electrical	3
AVEL	RIMR	electrical	1
AVEL	RIS	electrical	1
AVEL	RIVL	electrical	1
AVEL	RMDDR	electrical	1
AVEL	RMDVL	electrical	1
AVEL	RMER	electrical	1
AVEL	SAAVL	electrical	1
AVEL	URYVR	electrical	1
AVER	AIBL	electrical	1
AVER	AIZR	electrical	1
AVER	BAGR	electrical	1
AVER	OLQDL	electrical	1
AVER	OLQVL	electrical	1
AVER	URYDR	electrical	1
AVER	URYVL	electrical	1
AVFL	AIAL	chemical	1
AVFL	AVAL	chemical	2
AVFL	AVBL	chemical	3
AVFL	AVBR	chemical	2
AVFL	AVFR	chemical	1
AVFL	AVHR	chemical	1
AVFL	AVJL	chemical	1
AVFL	BDUR	chemical	2
AVFL	HSNL	chemical	2
AVFL	PVNL	chemical	1
AVFL	PVQL	chemical	1
AVFL	PVQR	chemical	1
AVFL	RIFL	chemical	3
AVFR	AIMR	chemical	1
AVFR	ASJL	chemical	1
AVFR	ASJR	chemical	1
AVFR	ASKR	chemical	1
AVFR	AVBR	chemical	1
AVFR	AVFL	chemical	6
AVFR	AVKR	chemical	1
AVFR	BDUR	chemical	2
AVFR	DVA	chemical	1
AVFR	HSNL	chemical	6
AVFR	HSNR	chemical	1
AVFR	PVNR	chemical	1
AVFR	PVQL	chemical	1
AVFR	PVQR	chemical	1
AVFR	RID	chemical	1
AVFR	RIFR	chemical	2
AVFR	SMBVR	chemical	1
AVFR	URADR	chemical	1
AVHL	ADFR	chemical	3
AVHL	ADLR	chemical	1
AVHL	ASHR	chemical	1
AVHL	AVAR	chemical	1
AVHL	AVBL	chemical	1
AVHL	AWBR	chemical	4
AVHL	PVPR	chemical	2
AVHL	RIR	chemical	7
AVHL	SMBDR	chemical	1
AVHL	SMBVR	chemical	2
AVHL	SMDVL	chemical	1
AVHR	ADFL	chemical	3
AVHR	AINR	chemical	2
AVHR	AVBL	chemical	2
AVHR	AVBR	chemical	2
AVHR	AVJL	chemical	1
AVHR	AVJR	chemical	3
AVHR	AWBL	chemical	2
AVHR	CEPshDR	chemical	1
AVHR	DVA	chemical	1
AVHR	PVCL	chemical	1
AVHR	PVPL	chemical	3
AVHR	RIGL	chemical	1
AVHR	RIML	chemical	1
AVHR	RIR	chemical	6
AVHR	RMFL	chemical	1
AVHR	SMBDL	chemical	2
AVHR	SMBVL	chemical	5
AVHR	URXL	chemical	1
AVJL	ASKL	chemical	1
AVJL	AVBR	chemical	2
AVJL	AVDL	chemical	1
AVJL	AVJR	electrical	1
AVJL	AVM	chemical	1
AVJL	PVCL	chemical	1
AVJL	PVCR	chemical	2
AVJL	PVCR	electrical	1
AVJL	PVNR	chemical	1
AVJL	RIS	electrical	1
AVJR	AIYL	chemical	1
AVJR	AQR	chemical	1
AVJR	AVAL	chemical	1
AVJR	AVBL	chemical	4
AVJR	AVBR	chemical	1
AVJR	AVM	chemical	1
AVJR	PVCL	chemical	1
AVJR	PVPL	chemical	1
AVJR	RIML	chemical	1
AVJR	RIS	chemical	1
AVKL	AVEL	chemical	2
AVKL	AVER	chemical	1
AVKL	AVKR	chemical	2
AVKL	AVKR	electrical	2
AVKL	AVL	chemical	1
AVKL	PVT	electrical	4
AVKL	RICL	electrical	4
AVKL	RICR	electrical	1
AVKL	RIML	chemical	4
AVKL	RIMR	chemical	3
AVKL	RIS	chemical	5
AVKL	RIVL	chemical	1
AVKL	RMDL	chemical	5
AVKL	RMFL	chemical	1
AVKL	RMFR	electrical	1
AVKL	SAADR	chemical	2
AVKL	SAAVR	chemical	1
AVKL	SIADR	chemical	1
AVKL	SIBDR	chemical	1
AVKL	SMDDL	chemical	2
AVKL	SMDDR	chemical	1
AVKL	SMDVL	chemical	1
AVKL	SMDVL	electrical	1
AVKR	AQR	electrical	1
AVKR	AVEL	chemical	2
AVKR	AVER	chemical	2
AVKR	AVKL	chemical	2
AVKR	PVT	electrical	2
AVKR	RIML	chemical	3
AVKR	RIMR	chemical	4
AVKR	RIS	chemical	6
AVKR	RIVR	chemical	2
AVKR	RMDL	chemical	1
AVKR	RMDR	chemical	6
AVKR	RMFL	chemical	1
AVKR	SAADL	chemical	2
AVKR	SAAVL	chemical	1
AVKR	SIADL	chemical	1
AVKR	SMBDL	chemical	1
AVKR	SMDVR	chemical	1
AVL	PVT	chemical	1
AVL	RIBR	chemical	1
AVL	RIS	chemical	1
AVL	RMER	chemical	1
AVL	URYVR	chemical	1
AVM	ALML	chemical	2
AVM	ALML	electrical	1
AVM	ALMR	electrical	1
AVM	AVBL	chemical	6
AVM	AVBR	chemical	7
AVM	AVDR	chemical	1
AVM	AVJL	chemical	2
AVM	AVJR	chemical	4
AVM	BDUL	chemical	3
AVM	BDUR	chemical	2
AVM	FLPL	chemical	1
AVM	FLPR	electrical	1
AVM	PVCL	chemical	11
AVM	PVCR	chemical	5
AVM	PVNR	chemical	1
AWAL	ADFL	chemical	2
AWAL	ADLL	chemical	1
AWAL	AFDL	chemical	5
AWAL	AIAL	chemical	3
AWAL	AIML	chemical	1
AWAL	AIYL	chemical	5
AWAL	AIZL	chemical	17
AWAL	ASEL	chemical	3
AWAL	ASGL	chemical	1
AWAL	ASIL	chemical	1
AWAL	AWBL	chemical	5
AWAL	HSNR	chemical	2
AWAL	PVQL	chemical	1
AWAR	ADFR	chemical	1
AWAR	ADLR	chemical	2
AWAR	AFDR	chemical	6
AWAR	AIAR	chemical	1
AWAR	AIYR	chemical	4
AWAR	AIZR	chemical	9
AWAR	ASER	chemical	9
AWAR	ASGR	chemical	1
AWAR	ASHR	chemical	2
AWAR	AWBR	chemical	6
AWAR	RIFR	chemical	1
AWAR	RIGR	chemical	1
AWBL	ADFL	chemical	10
AWBL	AIAL	chemical	3
AWBL	AIAL	electrical	4
AWBL	AIYL	electrical	1
AWBL	AIZL	chemical	8
AWBL	AIZR	electrical	1
AWBL	ASHL	chemical	1
AWBL	AUAL	chemical	1
AWBL	AVHR	chemical	2
AWBL	AWAL	chemical	1
AWBL	AWBR	electrical	1
AWBL	RIAL	chemical	1
AWBL	RIGL	chemical	2
AWBL	RIR	chemical	2
AWBL	RMGL	electrical	1
AWBL	SMBVL	chemical	3
AWBR	ADFL	chemical	1
AWBR	ADFR	chemical	10
AWBR	AIAR	chemical	2
AWBR	AIMR	chemical	1
AWBR	AIYR	chemical	1
AWBR	AIYR	electrical	1
AWBR	AIZR	chemical	6
AWBR	AUAR	chemical	1
AWBR	AVHL	chemical	1
AWBR	AWAR	chemical	1
AWBR	RIAR	chemical	1
AWBR	RIGR	chemical	2
AWBR	RMFR	electrical	1
AWBR	RMGR	electrical	1
AWCL	AFDR	chemical	2
AWCL	AIAL	chemical	2
AWCL	AIAR	chemical	2
AWCL	AIBL	chemical	8
AWCL	AIBR	chemical	3
AWCL	AIYL	chemical	11
AWCL	AIYR	chemical	9
AWCL	AIZR	chemical	1
AWCL	ASIR	chemical	1
AWCL	AWCR	chemical	13
AWCL	BAGL	chemical	2
AWCL	BAGR	chemical	2
AWCL	CEPshDL	chemical	1
AWCL	IL1L	chemical	1
AWCL	IL2L	chemical	1
AWCL	RMFL	chemical	2
AWCR	AIAL	chemical	8
AWCR	AIAR	chemical	10
AWCR	AIBL	chemical	8
AWCR	AIBR	chemical	11
AWCR	AIYL	chemical	6
AWCR	AIYR	chemical	8
AWCR	AIZL	chemical	1
AWCR	AIZR	chemical	1
AWCR	ASER	chemical	6
AWCR	ASIR	chemical	1
AWCR	AWCL	chemical	9
BAGL	AVAR	chemical	6
BAGL	AVER	chemical	8
BAGL	RIAR	chemical	16
BAGL	RIBR	chemical	14
BAGL	RIGR	chemical	2
BAGL	RIR	electrical	4
BAGL	RMFR	chemical	3
BAGR	AFDL	chemical	1
BAGR	AIBR	chemical	2
BAGR	AIYL	chemical	2
BAGR	AIZL	electrical	2
BAGR	AVAL	chemical	5
BAGR	AVEL	chemical	11
BAGR	BAGL	chemical	2
BAGR	BAGL	electrical	1
BAGR	RIAL	chemical	18
BAGR	RIAL	electrical	1
BAGR	RIBL	chemical	21
BAGR	RIBR	chemical	2
BAGR	RIGL	chemical	4
BAGR	RIR	chemical	1
BAGR	RIR	electrical	3
BAGR	RMFL	chemical	3
BDUL	ADEL	chemical	2
BDUL	ADEL	electrical	1
BDUL	AVDR	chemical	1
BDUL	AVFL	chemical	1
BDUL	AVFR	chemical	2
BDUL	AVJL	chemical	1
BDUL	AVKR	chemical	1
BDUL	AVM	chemical	1
BDUL	BDUR	electrical	1
BDUL	CEPshVL	chemical	1
BDUL	IL2DL	chemical	1
BDUL	PVCR	chemical	1
BDUL	PVNL	chemical	4
BDUL	PVNR	chemical	2
BDUL	RID	chemical	1
BDUL	SDQL	chemical	1
BDUL	URADL	chemical	1
BDUR	ALMR	chemical	4
BDUR	AVFL	chemical	1
BDUR	AVFR	chemical	4
BDUR	AVJR	chemical	2
BDUR	AVM	chemical	1
BDUR	HSNR	chemical	1
BDUR	PVNL	chemical	4
BDUR	PVNR	chemical	6
CEPDL	AVER	chemical	7
CEPDL	CEPDR	electrical	1
CEPDL	IL1DL	chemical	4
CEPDL	IL1L	chemical	1
CEPDL	OLLL	chemical	10
CEPDL	OLQDL	chemical	4
CEPDL	PVR	chemical	1
CEPDL	RIBL	chemical	2
CEPDL	RICL	chemical	3
CEPDL	RICR	chemical	3
CEPDL	RIH	electrical	1
CEPDL	RIS	chemical	2
CEPDL	RMDVL	chemical	8
CEPDL	RMHL	chemical	2
CEPDL	RMHR	chemical	3
CEPDL	URBL	chemical	3
CEPDL	URXL	chemical	3
CEPDL	URYDL	chemical	1
CEPDR	ALMR	chemical	1
CEPDR	AVDR	chemical	1
CEPDR	AVEL	chemical	10
CEPDR	AVJR	chemical	1
CEPDR	BWM-DL07	chemical	1
CEPDR	BWM-DR05	chemical	1
CEPDR	BWM-DR07	chemical	1
CEPDR	IL1DR	chemical	8
CEPDR	OLLR	chemical	15
CEPDR	OLQDR	chemical	7
CEPDR	RICL	chemical	5
CEPDR	RICR	chemical	5
CEPDR	RIPR	chemical	1
CEPDR	RMDDL	chemical	1
CEPDR	RMDDR	chemical	1
CEPDR	RMDVR	chemical	8
CEPDR	RMGR	chemical	1
CEPDR	RMHL	chemical	2
CEPDR	RMHR	chemical	1
CEPDR	SIADL	chemical	2
CEPDR	SMBDL	chemical	1
CEPDR	SMDDL	chemical	1
CEPDR	URADR	chemical	2
CEPDR	URBR	chemical	2
CEPDR	URXR	chemical	1
CEPDR	URYDR	chemical	2
CEPVL	AVER	chemical	6
CEPVL	BWM-VL05	chemical	1
CEPVL	CEPshVL	chemical	1
CEPVL	IL1VL	chemical	3
CEPVL	OLLL	chemical	11
CEPVL	OLQVL	chemical	5
CEPVL	PLNL	chemical	1
CEPVL	PVR	chemical	1
CEPVL	RIAL	chemical	1
CEPVL	RIBL	chemical	2
CEPVL	RICL	chemical	4
CEPVL	RICR	chemical	3
CEPVL	RIPL	chemical	1
CEPVL	RMDDL	chemical	9
CEPVL	RMHL	chemical	1
CEPVL	RMHR	chemical	2
CEPVL	SIAVL	chemical	2
CEPVL	SMBVL	chemical	1
CEPVL	SMDVR	chemical	2
CEPVL	URAVL	chemical	2
CEPVL	URBL	chemical	2
CEPVL	URYVL	chemical	2
CEPVR	AVEL	chemical	6
CEPVR	AVER	chemical	1
CEPVR	IL1R	chemical	1
CEPVR	IL1VR	chemical	5
CEPVR	OLLR	chemical	9
CEPVR	OLQVR	chemical	7
CEPVR	PVR	chemical	1
CEPVR	RICL	chemical	3
CEPVR	RICR	chemical	6
CEPVR	RIPR	chemical	2
CEPVR	RMDDR	chemical	6
CEPVR	RMDR	chemical	1
CEPVR	RMHL	chemical	3
CEPVR	RMHR	chemical	1
CEPVR	SIAVR	chemical	1
CEPVR	SMBVR	chemical	1
CEPVR	SMDVL	chemical	2
CEPVR	URAVR	chemical	3
CEPVR	URBR	chemical	5
CEPVR	URXR	chemical	2
CEPVR	URYVR	chemical	1
DVA	ADAR	chemical	1
DVA	ADEL	chemical	1
DVA	AIZL	chemical	2
DVA	AIZR	chemical	2
DVA	AQR	chemical	4
DVA	AUAL	chemical	2
DVA	AUAR	chemical	3
DVA	AVAL	chemical	1
DVA	AVAR	chemical	2
DVA	AVBR	chemical	1
DVA	AVDL	chemical	1
DVA	AVEL	chemical	7
DVA	AVER	chemical	7
DVA	FLPR	chemical	1
DVA	OLQVL	chemical	1
DVA	OLQVL	electrical	1
DVA	OLQVR	chemical	1
DVA	PVCL	chemical	1
DVA	PVCR	chemical	1
DVA	RIAL	chemical	2
DVA	RIAR	chemical	1
DVA	RIBL	chemical	2
DVA	RIH	chemical	1
DVA	RIML	chemical	1
DVA	RIPR	chemical	1
DVA	RIR	chemical	2
DVA	SIBVR	chemical	1
DVA	SMBDL	chemical	1
DVA	SMBDR	chemical	2
DVA	SMBVL	chemical	1
DVA	SMBVR	chemical	2
DVA	URYDR	chemical	1
DVA	URYVL	chemical	1
DVC	AIBL	chemical	5
DVC	AIBR	chemical	7
DVC	AIBR	electrical	1
DVC	AIZL	chemical	1
DVC	AIZR	electrical	1
DVC	AQR	chemical	1
DVC	AVAL	chemical	6
DVC	AVAR	chemical	9
DVC	AVEL	chemical	1
DVC	AVER	chemical	2
DVC	AVKL	chemical	2
DVC	FLPR	chemical	1
DVC	RIBL	chemical	5
DVC	RIBR	chemical	9
DVC	RIGL	chemical	10
DVC	RIGR	chemical	13
DVC	RIVR	chemical	1
DVC	RMFL	chemical	6
DVC	RMFR	chemical	4
DVC	URYVL	chemical	3
FLPL	ADER	chemical	2
FLPL	AIBR	chemical	1
FLPL	AVAL	chemical	8
FLPL	AVAR	chemical	8
FLPL	AVBL	chemical	3
FLPL	AVBR	chemical	1
FLPL	AVDL	chemical	4
FLPL	AVEL	chemical	2
FLPL	AVER	chemical	3
FLPL	DVA	chemical	1
FLPL	FLPR	chemical	2
FLPL	PVCL	chemical	1
FLPL	RIH	chemical	2
FLPL	RIS	chemical	1
FLPL	SDQL	chemical	1
FLPL	SDQR	chemical	1
FLPR	ADAR	chemical	1
FLPR	ADER	chemical	1
FLPR	AIBL	chemical	1
FLPR	AVAL	chemical	9
FLPR	AVAR	chemical	5
FLPR	AVBL	chemical	2
FLPR	AVDL	chemical	4
FLPR	AVEL	chemical	3
FLPR	FLPL	chemical	2
FLPR	PVCL	chemical	1
HSNL	ADLL	chemical	1
HSNL	AIAL	chemical	2
HSNL	AIAR	chemical	2
HSNL	ASHL	chemical	2
HSNL	ASKR	chemical	1
HSNL	AVFR	chemical	1
HSNL	AVHR	chemical	1
HSNL	AWBL	chemical	1
HSNL	AWBR	chemical	1
HSNL	BDUL	chemical	3
HSNL	HSNR	chemical	1
HSNL	PVNL	chemical	2
HSNL	PVNR	chemical	1
HSNL	PVQL	chemical	1
HSNL	RIFL	chemical	2
HSNL	RIFR	chemical	1
HSNL	RMGL	chemical	1
HSNR	AIAR	chemical	2
HSNR	ASHL	chemical	1
HSNR	ASHR	chemical	1
HSNR	ASKR	chemical	1
HSNR	AVJL	chemical	1
HSNR	AVM	chemical	1
HSNR	AWAL	chemical	1
HSNR	AWBL	chemical	2
HSNR	BDUR	chemical	3
HSNR	PVQR	chemical	1
HSNR	RIFR	chemical	2
IL1DL	BWM-DL01	chemical	6
IL1DL	BWM-DL02	chemical	4
IL1DL	IL1L	chemical	1
IL1DL	OLLL	chemical	2
IL1DL	PVR	chemical	1
IL1DL	RIPL	chemical	3
IL1DL	RMDDR	chemical	1
IL1DL	RMDVL	chemical	9
IL1DL	RMEL	chemical	1
IL1DL	URADL	chemical	2
IL1DR	BWM-DR01	chemical	6
IL1DR	BWM-DR02	chemical	3
IL1DR	BWM-DR04	chemical	2
IL1DR	IL1R	chemical	3
IL1DR	IL1R	electrical	1
IL1DR	IL1VR	electrical	1
IL1DR	OLLL	electrical	1
IL1DR	OLLR	chemical	3
IL1DR	RIPR	chemical	3
IL1DR	RMDVR	chemical	10
IL1DR	RMER	chemical	2
IL1L	AVER	chemical	1
IL1L	BWM-DL02	chemical	4
IL1L	BWM-VL02	chemical	13
IL1L	BWM-VL04	chemical	2
IL1L	RMDDL	chemical	3
IL1L	RMDDR	chemical	2
IL1L	RMDL	chemical	3
IL1L	RMDR	chemical	1
IL1L	RMDVL	chemical	3
IL1L	RMER	chemical	1
IL1L	RMHR	chemical	2
IL1R	AVEL	chemical	1
IL1R	BWM-DR01	chemical	2
IL1R	BWM-DR02	chemical	6
IL1R	BWM-DR04	chemical	2
IL1R	BWM-VR01	chemical	1
IL1R	BWM-VR02	chemical	6
IL1R	GLRR	chemical	1
IL1R	IL1DR	chemical	1
IL1R	IL1VR	chemical	1
IL1R	IL1VR	electrical	1
IL1R	IL2R	electrical	1
IL1R	RMDDL	chemical	2
IL1R	RMDDR	chemical	5
IL1R	RMDL	chemical	3
IL1R	RMDR	chemical	3
IL1R	RMDVL	chemical	3
IL1R	RMDVR	chemical	3
IL1R	RMEL	chemical	1
IL1R	RMFL	chemical	1
IL1R	RMHL	chemical	1
IL1VL	BWM-VL01	chemical	2
IL1VL	BWM-VL02	chemical	7
IL1VL	BWM-VL04	chemical	1
IL1VL	IL1DL	electrical	1
IL1VL	IL1L	electrical	1
IL1VL	PVR	chemical	1
IL1VL	RIPL	chemical	4
IL1VL	RMDDL	chemical	8
IL1VL	RMDVR	chemical	1
IL1VL	RMEL	chemical	3
IL1VL	URAVL	chemical	1
IL1VR	BWM-VR01	chemical	4
IL1VR	BWM-VR02	chemical	3
IL1VR	BWM-VR04	chemical	1
IL1VR	GLRR	chemical	1
IL1VR	RIPR	chemical	2
IL1VR	RMDDR	chemical	3
IL1VR	RMER	chemical	2
IL2DL	AVEL	chemical	1
IL2DL	IL1DL	chemical	8
IL2DL	OLQDL	chemical	5
IL2DL	RIGL	chemical	1
IL2DL	RIH	chemical	5
IL2DL	RIPL	chemical	21
IL2DL	RMDVL	chemical	1
IL2DL	RMED	chemical	4
IL2DL	RMEL	chemical	6
IL2DL	RMER	chemical	6
IL2DL	RMEV	chemical	3
IL2DL	RMHL	chemical	1
IL2DL	URADL	chemical	9
IL2DR	ASIR	chemical	1
IL2DR	AWCR	chemical	1
IL2DR	BWM-DR01	chemical	1
IL2DR	BWM-DR02	chemical	1
IL2DR	CEPshDR	chemical	1
IL2DR	GLRDR	chemical	1
IL2DR	IL1DR	chemical	7
IL2DR	IL2DR	chemical	1
IL2DR	OLQDR	chemical	2
IL2DR	RIH	chemical	4
IL2DR	RIPR	chemical	18
IL2DR	RMED	chemical	1
IL2DR	RMEL	chemical	4
IL2DR	RMER	chemical	5
IL2DR	RMEV	chemical	2
IL2DR	URADR	chemical	6
IL2L	ADEL	chemical	1
IL2L	ADLL	chemical	1
IL2L	AWCL	chemical	1
IL2L	OLLL	chemical	2
IL2L	OLQDL	chemical	7
IL2L	OLQVL	chemical	5
IL2L	RICR	chemical	1
IL2L	RIH	chemical	10
IL2L	RMDL	chemical	1
IL2L	RMDR	chemical	3
IL2L	SMBVL	chemical	1
IL2L	URAVL	chemical	1
IL2L	URBL	chemical	1
IL2L	URXL	chemical	1
IL2R	ADER	chemical	2
IL2R	IL1DR	chemical	3
IL2R	IL1R	chemical	2
IL2R	OLQDR	chemical	7
IL2R	OLQVR	chemical	6
IL2R	RICL	chemical	1
IL2R	RIH	chemical	10
IL2R	RMDL	chemical	2
IL2R	RMED	chemical	2
IL2R	RMEL	chemical	2
IL2R	RMER	chemical	1
IL2R	RMEV	chemical	1
IL2R	URADR	chemical	1
IL2R	URXR	chemical	1
IL2VL	AIBR	chemical	1
IL2VL	GLRVL	chemical	2
IL2VL	IL1VL	chemical	5
IL2VL	OLQVL	chemical	4
IL2VL	RIAL	chemical	4
IL2VL	RIBL	chemical	2
IL2VL	RIPL	chemical	15
IL2VL	RMED	chemical	1
IL2VL	RMEL	chemical	4
IL2VL	RMER	chemical	6
IL2VL	RMEV	chemical	1
IL2VL	URAVL	chemical	8
IL2VR	CEPVR	chemical	1
IL2VR	IL1VR	chemical	4
IL2VR	IL2R	chemical	1
IL2VR	OLQVR	chemical	5
IL2VR	RIAR	chemical	3
IL2VR	RIH	chemical	2
IL2VR	RIPR	chemical	16
IL2VR	RMED	chemical	2
IL2VR	RMEL	chemical	5
IL2VR	RMER	chemical	5
IL2VR	RMEV	chemical	3
IL2VR	URAVR	chemical	7
IL2VR	URXR	chemical	2
IL2VR	URYVR	chemical	1
OLLL	AVER	chemical	32
OLLL	BWM-VR03	chemical	2
OLLL	CEPDL	chemical	8
OLLL	CEPVL	chemical	8
OLLL	IL1DL	chemical	1
OLLL	IL1L	chemical	1
OLLL	IL1VL	chemical	1
OLLL	OLQDL	electrical	1
OLLL	RIBL	chemical	14
OLLL	RMDDL	chemical	14
OLLL	RMDL	chemical	1
OLLL	RMDR	chemical	2
OLLL	RMDVL	chemical	15
OLLL	RMEL	chemical	1
OLLL	RMEV	chemical	1
OLLL	SMDDL	chemical	2
OLLL	SMDDR	chemical	7
OLLL	SMDVL	chemical	2
OLLL	SMDVR	chemical	6
OLLL	URYVL	chemical	1
OLLR	AVEL	chemical	32
OLLR	CEPDR	chemical	11
OLLR	CEPVR	chemical	7
OLLR	IL1DR	chemical	4
OLLR	IL1R	chemical	1
OLLR	IL1VR	chemical	2
OLLR	OLLL	electrical	2
OLLR	RIBR	chemical	13
OLLR	RIGR	electrical	1
OLLR	RMDDR	chemical	12
OLLR	RMDL	chemical	4
OLLR	RMDR	chemical	1
OLLR	RMDVR	chemical	18
OLLR	RMER	chemical	1
OLLR	SMDDL	chemical	6
OLLR	SMDVL	chemical	5
OLQDL	CEPDL	chemical	1
OLQDL	IL1DL	chemical	2
OLQDL	IL2DL	chemical	1
OLQDL	IL2L	chemical	5
OLQDL	RIBL	electrical	1
OLQDL	RICL	chemical	1
OLQDL	RICR	chemical	1
OLQDL	RIH	chemical	1
OLQDL	RMDDR	chemical	5
OLQDL	RMEV	chemical	1
OLQDL	RMHL	chemical	2
OLQDL	SIBVL	chemical	5
OLQDL	SMBDR	chemical	1
OLQDL	URBL	electrical	2
OLQDR	IL1DR	electrical	1
OLQDR	IL2R	chemical	4
OLQDR	RIBR	electrical	1
OLQDR	RICL	chemical	1
OLQDR	RICR	chemical	1
OLQDR	RIGR	electrical	1
OLQDR	RIH	electrical	1
OLQDR	RMDDL	chemical	4
OLQDR	RMDVR	electrical	1
OLQDR	RMHR	chemical	1
OLQDR	SIADL	chemical	1
OLQDR	SIBVR	chemical	4
OLQDR	SMBDL	chemical	1
OLQVL	IL2L	chemical	4
OLQVL	RICL	chemical	1
OLQVL	RICR	chemical	1
OLQVL	RMDVR	chemical	5
OLQVL	RMDVR	electrical	1
OLQVL	RMED	chemical	1
OLQVL	RMHL	chemical	1
OLQVL	SIBDL	chemical	5
OLQVL	URBL	chemical	1
OLQVL	URBL	electrical	2
OLQVR	DVA	electrical	1
OLQVR	IL2R	chemical	3
OLQVR	IL2VR	chemical	1
OLQVR	OLLR	electrical	1
OLQVR	RICR	chemical	1
OLQVR	RIGR	electrical	1
OLQVR	RIH	chemical	1
OLQVR	RMDVL	chemical	7
OLQVR	RMED	chemical	1
OLQVR	RMER	chemical	1
OLQVR	RMHR	electrical	1
OLQVR	SIBDR	chemical	7
OLQVR	URBR	electrical	2
PLNL	RMGL	chemical	1
PLNL	SAADL	chemical	9
PLNL	SMBVL	chemical	8
PLNR	RMGR	chemical	2
PLNR	SAADR	chemical	9
PLNR	SAAVL	chemical	1
PLNR	SMBVR	chemical	6
PLNR	SMDVL	chemical	3
PVCL	ADAL	chemical	1
PVCL	AVAL	chemical	2
PVCL	AVAR	chemical	1
PVCL	AVBL	chemical	5
PVCL	AVBR	chemical	9
PVCL	AVDL	chemical	1
PVCL	AVDR	chemical	4
PVCL	AVEL	chemical	3
PVCL	AVER	chemical	1
PVCL	AVHR	chemical	1
PVCL	AVJL	chemical	2
PVCL	AVJR	chemical	1
PVCL	AVJR	electrical	2
PVCL	BDUL	electrical	1
PVCL	FLPL	electrical	1
PVCL	FLPR	chemical	1
PVCL	PVCR	chemical	1
PVCL	RID	chemical	6
PVCL	RIS	chemical	1
PVCL	SAAVR	chemical	1
PVCL	SIBDL	chemical	1
PVCL	SIBVL	chemical	1
PVCR	AQR	chemical	1
PVCR	AVAL	chemical	1
PVCR	AVAR	chemical	4
PVCR	AVBL	chemical	11
PVCR	AVBR	chemical	8
PVCR	AVDL	chemical	6
PVCR	AVDR	chemical	1
PVCR	AVEL	chemical	3
PVCR	AVER	chemical	1
PVCR	AVHL	chemical	1
PVCR	AVJL	chemical	2
PVCR	AVKR	chemical	1
PVCR	SIBDR	chemical	6
PVCR	SIBVL	chemical	1
PVCR	SIBVR	chemical	4
PVNL	AVJL	chemical	2
PVNL	AVJR	chemical	2
PVNL	BDUL	chemical	3
PVNL	BDUR	chemical	4
PVNL	CEPshVL	chemical	1
PVNL	CEPshVR	chemical	1
PVNL	PVNR	chemical	1
PVNL	RIFL	chemical	1
PVNR	ALMR	chemical	2
PVNR	AVER	chemical	1
PVNR	AVJL	chemical	2
PVNR	AVM	chemical	1
PVNR	BDUL	chemical	2
PVNR	BDUR	chemical	5
PVNR	CEPVR	chemical	1
PVNR	PVNL	chemical	3
PVNR	RIFR	chemical	1
PVNR	RMGL	chemical	1
PVPL	ADAL	chemical	1
PVPL	AQR	chemical	3
PVPL	AQR	electrical	1
PVPL	ASHL	chemical	1
PVPL	AVAL	chemical	3
PVPL	AVAR	chemical	2
PVPL	AVBL	chemical	9
PVPL	AVBR	chemical	4
PVPL	AVDR	chemical	1
PVPL	AVER	chemical	2
PVPL	AVHR	chemical	1
PVPL	PVCL	chemical	5
PVPL	PVPR	electrical	1
PVPL	RIFL	chemical	1
PVPL	RIGL	chemical	1
PVPL	RIR	chemical	1
PVPL	RMFL	chemical	1
PVPR	ADAR	chemical	1
PVPR	AIBL	chemical	1
PVPR	AQR	chemical	1
PVPR	AVAR	chemical	2
PVPR	AVBL	chemical	5
PVPR	AVBR	chemical	7
PVPR	AVEL	chemical	1
PVPR	AVHL	chemical	1
PVPR	AVJL	chemical	1
PVPR	PVCL	chemical	3
PVPR	PVCR	chemical	4
PVPR	RIAR	chemical	2
PVPR	RIFR	chemical	2
PVPR	RIR	chemical	1
PVQL	ADAL	electrical	2
PVQL	ADLL	chemical	2
PVQL	AIAL	chemical	10
PVQL	ALA	chemical	1
PVQL	ASJL	chemical	2
PVQL	ASKL	chemical	8
PVQL	AWAL	chemical	1
PVQL	HSNR	chemical	1
PVQR	ADLR	chemical	1
PVQR	AIAR	chemical	8
PVQR	AIMR	chemical	1
PVQR	ALA	chemical	1
PVQR	ASER	chemical	2
PVQR	ASKR	chemical	8
PVQR	AVFL	chemical	2
PVQR	AVFR	chemical	2
PVQR	CEPshVR	chemical	1
PVQR	HSNR	chemical	4
PVR	ALMR	electrical	1
PVR	AVBL	chemical	10
PVR	AVBR	chemical	9
PVR	AVJL	chemical	1
PVR	AVJR	chemical	11
PVR	IL1DR	chemical	1
PVR	IL1VL	chemical	4
PVR	IL1VR	chemical	3
PVR	RIPL	chemical	8
PVR	RIPR	chemical	7
PVT	AIBL	chemical	3
PVT	AIBR	chemical	5
PVT	AVKL	chemical	11
PVT	AVKR	chemical	15
PVT	AVL	chemical	7
PVT	CEPshDL	chemical	2
PVT	CEPshVL	chemical	1
PVT	CEPshVR	chemical	1
PVT	DVC	chemical	13
PVT	IL2VL	chemical	1
PVT	IL2VR	chemical	1
PVT	RIBL	electrical	2
PVT	RIGL	chemical	3
PVT	RIGR	chemical	4
PVT	RMFL	chemical	6
PVT	RMFR	chemical	2
PVT	URAVL	chemical	1
PVT	URAVR	chemical	1
PVT	URYVL	chemical	1
RIAL	CEPDL	chemical	1
RIAL	CEPVL	chemical	3
RIAL	IL1L	chemical	1
RIAL	RIAR	chemical	49
RIAL	RIVL	chemical	3
RIAL	RIVR	chemical	2
RIAL	RMDDL	chemical	19
RIAL	RMDDR	chemical	18
RIAL	RMDL	chemical	26
RIAL	RMDR	chemical	29
RIAL	RMDVL	chemical	24
RIAL	RMDVR	chemical	16
RIAL	SIADL	chemical	12
RIAL	SIADR	chemical	2
RIAL	SIAVR	chemical	9
RIAL	SMBDL	chemical	1
RIAL	SMBVL	chemical	1
RIAL	SMDDL	chemical	11
RIAL	SMDDR	chemical	18
RIAL	SMDVL	chemical	17
RIAL	SMDVR	chemical	17
RIAR	CEPDL	chemical	1
RIAR	CEPVL	chemical	1
RIAR	CEPVR	chemical	1
RIAR	IL1R	chemical	2
RIAR	RIAL	chemical	52
RIAR	RIVL	chemical	2
RIAR	RIVR	chemical	6
RIAR	RMDDL	chemical	20
RIAR	RMDDR	chemical	29
RIAR	RMDL	chemical	22
RIAR	RMDR	chemical	27
RIAR	RMDVL	chemical	22
RIAR	RMDVR	chemical	27
RIAR	RMFR	chemical	1
RIAR	SIADL	chemical	2
RIAR	SIADR	chemical	12
RIAR	SIAVL	chemical	10
RIAR	SMDDL	chemical	20
RIAR	SMDDR	chemical	25
RIAR	SMDVL	chemical	22
RIAR	SMDVR	chemical	15
RIBL	AIBR	chemical	8
RIBL	AIZL	chemical	1
RIBL	AUAL	chemical	2
RIBL	AVAL	chemical	2
RIBL	AVAR	chemical	2
RIBL	AVEL	chemical	6
RIBL	AVER	chemical	10
RIBL	BAGR	chemical	7
RIBL	CEPDL	chemical	1
RIBL	CEPVL	chemical	1
RIBL	DVA	chemical	1
RIBL	OLLL	chemical	1
RIBL	RIAL	chemical	4
RIBL	RIGL	chemical	1
RIBL	RIS	chemical	3
RIBL	RMDR	chemical	1
RIBL	RMDR	electrical	2
RIBL	SIADL	electrical	1
RIBL	SIADR	electrical	1
RIBL	SIAVL	electrical	1
RIBL	SIBVR	electrical	1
RIBL	SMDDR	chemical	1
RIBL	SMDVR	chemical	2
RIBL	URYDL	chemical	1
RIBL	URYVL	chemical	1
RIBR	AIBL	chemical	2
RIBR	AUAR	chemical	1
RIBR	AVAR	chemical	2
RIBR	AVBL	electrical	1
RIBR	AVBR	electrical	1
RIBR	AVEL	chemical	10
RIBR	AVER	chemical	3
RIBR	BAGL	chemical	9
RIBR	DVC	electrical	1
RIBR	OLQVR	electrical	2
RIBR	PVT	electrical	2
RIBR	RIAR	chemical	4
RIBR	RIBL	electrical	3
RIBR	RIBR	electrical	1
RIBR	RIGR	chemical	2
RIBR	RIGR	electrical	1
RIBR	RIH	chemical	1
RIBR	RIS	chemical	2
RIBR	RMDL	chemical	2
RIBR	RMDL	electrical	1
RIBR	RMFL	chemical	1
RIBR	RMFR	chemical	1
RIBR	SIBDR	electrical	2
RIBR	SIBVL	electrical	1
RIBR	SIBVR	electrical	1
RIBR	SMDDL	chemical	1
RIBR	SMDDL	electrical	1
RIBR	SMDDR	chemical	1
RIBR	SMDVL	chemical	2
RIBR	SMDVL	electrical	1
RIBR	URYDR	chemical	1
RIBR	URYVR	chemical	2
RICL	ADAL	chemical	1
RICL	ADAR	chemical	1
RICL	AIBR	chemical	4
RICL	AVAL	chemical	12
RICL	AVAR	chemical	8
RICL	AVKR	electrical	3
RICL	CEPDL	chemical	1
RICL	CEPVL	chemical	1
RICL	RICR	chemical	2
RICL	RIML	chemical	4
RICL	RIMR	chemical	1
RICL	RIVL	chemical	1
RICL	RIVR	chemical	1
RICL	RMHR	chemical	1
RICL	SAADL	chemical	1
RICL	SMBDR	chemical	3
RICL	SMDDL	chemical	4
RICL	SMDDR	chemical	8
RICL	SMDDR	electrical	1
RICL	SMDVR	chemical	2
RICL	URBL	chemical	1
RICL	URXR	chemical	1
RICR	ADAL	chemical	1
RICR	ADAR	chemical	2
RICR	AVAL	chemical	3
RICR	AVAR	chemical	9
RICR	AVKR	electrical	1
RICR	CEPVL	chemical	1
RICR	CEPVR	chemical	1
RICR	RICL	chemical	3
RICR	RIMR	chemical	2
RICR	RIS	chemical	1
RICR	RIVL	chemical	1
RICR	RIVR	chemical	1
RICR	RMHL	chemical	1
RICR	RMHR	chemical	1
RICR	SAADR	chemical	1
RICR	SMBDR	chemical	2
RICR	SMDDL	chemical	6
RICR	SMDVL	chemical	2
RICR	SMDVR	chemical	1
RICR	URBL	chemical	1
RIFL	ADAL	chemical	1
RIFL	ALML	chemical	2
RIFL	ASHL	chemical	1
RIFL	AVAL	chemical	1
RIFL	AVBL	chemical	13
RIFL	AVBR	chemical	1
RIFL	AVDR	chemical	2
RIFL	AVEL	chemical	1
RIFL	AVHL	chemical	2
RIFL	AVHR	chemical	1
RIFL	AVJL	chemical	2
RIFL	AVJR	chemical	3
RIFL	BDUL	chemical	1
RIFL	PVPL	chemical	5
RIFL	RIML	chemical	3
RIFL	URXL	chemical	1
RIFR	ADAR	chemical	1
RIFR	AVBR	chemical	17
RIFR	AVFR	chemical	1
RIFR	AVHL	chemical	2
RIFR	AVHR	chemical	2
RIFR	BDUR	chemical	1
RIFR	HSNL	chemical	1
RIFR	PVPR	chemical	4
RIFR	RIMR	chemical	8
RIGL	AIBR	chemical	4
RIGL	AIZL	chemical	8
RIGL	AIZL	electrical	1
RIGL	AIZR	chemical	1
RIGL	AIZR	electrical	1
RIGL	AQR	electrical	1
RIGL	AVEL	chemical	8
RIGL	AVER	chemical	3
RIGL	AVKR	chemical	3
RIGL	AVKR	electrical	3
RIGL	BAGR	chemical	7
RIGL	BAGR	electrical	1
RIGL	DVC	chemical	2
RIGL	OLLL	electrical	1
RIGL	OLQDL	electrical	1
RIGL	OLQVL	chemical	1
RIGL	OLQVL	electrical	1
RIGL	PLNL	chemical	1
RIGL	PVT	chemical	1
RIGL	RIAL	chemical	6
RIGL	RIBL	chemical	5
RIGL	RIBL	electrical	3
RIGL	RIGL	electrical	1
RIGL	RIR	chemical	2
RIGL	RIVR	chemical	3
RIGL	RMFL	chemical	5
RIGL	RMHR	chemical	7
RIGL	SAADL	chemical	1
RIGL	URYDL	chemical	1
RIGL	URYDL	electrical	1
RIGL	URYVL	chemical	1
RIGL	URYVL	electrical	1
RIGR	ADFR	chemical	1
RIGR	AIBL	chemical	4
RIGR	AIBL	electrical	2
RIGR	AIZL	chemical	1
RIGR	AIZR	chemical	9
RIGR	ALNR	chemical	1
RIGR	AQR	electrical	2
RIGR	AVEL	chemical	1
RIGR	AVER	chemical	7
RIGR	AVKL	chemical	4
RIGR	AVKL	electrical	1
RIGR	AVKR	chemical	1
RIGR	BAGL	chemical	13
RIGR	BAGL	electrical	2
RIGR	DVC	chemical	3
RIGR	OLQVR	chemical	2
RIGR	RIBR	chemical	5
RIGR	RIGL	electrical	2
RIGR	RIR	chemical	1
RIGR	RMFR	chemical	5
RIGR	RMGR	chemical	1
RIGR	RMHL	chemical	5
RIGR	SAADR	chemical	1
RIGR	URYDR	chemical	1
RIGR	URYDR	electrical	1
RIGR	URYVR	chemical	1
RIH	AIYR	chemical	1
RIH	AIZL	chemical	8
RIH	AIZR	chemical	5
RIH	AUAL	chemical	2
RIH	AVEL	chemical	1
RIH	BAGL	chemical	1
RIH	CEPDL	chemical	3
RIH	CEPDR	chemical	2
RIH	CEPshVL	chemical	1
RIH	CEPshVR	chemical	1
RIH	CEPVL	chemical	1
RIH	CEPVL	electrical	1
RIH	CEPVR	chemical	5
RIH	GLRDR	chemical	1
RIH	IL1VR	chemical	2
RIH	IL2L	chemical	1
RIH	IL2R	chemical	2
RIH	OLQDL	chemical	6
RIH	OLQDR	chemical	6
RIH	OLQVL	chemical	4
RIH	OLQVR	chemical	4
RIH	RIAL	chemical	3
RIH	RIAR	chemical	12
RIH	RIBL	chemical	6
RIH	RIBR	chemical	7
RIH	RIGR	chemical	1
RIH	RIPL	chemical	7
RIH	RIPR	chemical	9
RIH	RMEV	chemical	1
RIH	URYVR	chemical	2
RIML	ADAL	chemical	1
RIML	AIBL	electrical	2
RIML	AIBR	chemical	7
RIML	AIZL	chemical	1
RIML	AVAL	electrical	1
RIML	AVAR	electrical	1
RIML	AVBL	chemical	2
RIML	AVBR	chemical	7
RIML	AVEL	chemical	1
RIML	AVER	electrical	1
RIML	AVJR	chemical	1
RIML	AVKL	chemical	1
RIML	AVKR	chemical	1
RIML	BWM-DR04	chemical	4
RIML	BWM-DR06	chemical	1
RIML	BWM-VR04	chemical	1
RIML	BWM-VR06	chemical	1
RIML	FLPL	electrical	1
RIML	RIBL	chemical	7
RIML	RIBR	chemical	1
RIML	RIS	chemical	2
RIML	RMDL	chemical	5
RIML	RMDR	chemical	7
RIML	RMFL	chemical	3
RIML	SAADL	chemical	2
RIML	SAADR	chemical	4
RIML	SAAVL	chemical	2
RIML	SAAVR	chemical	6
RIML	SIADL	chemical	1
RIML	SIBDR	chemical	1
RIML	SMDDL	chemical	10
RIML	SMDDR	chemical	2
RIML	SMDVL	chemical	5
RIML	SMDVR	chemical	3
RIMR	AIBL	chemical	10
RIMR	AIBL	electrical	1
RIMR	AVAL	chemical	2
RIMR	AVAL	electrical	4
RIMR	AVAR	chemical	1
RIMR	AVAR	electrical	2
RIMR	AVBL	chemical	5
RIMR	AVBR	chemical	1
RIMR	AVER	electrical	3
RIMR	AVKL	chemical	1
RIMR	BAGL	electrical	1
RIMR	BWM-DL04	chemical	2
RIMR	BWM-DL06	chemical	1
RIMR	BWM-VL04	chemical	3
RIMR	BWM-VL06	chemical	2
RIMR	RIBL	chemical	3
RIMR	RIBR	chemical	4
RIMR	RIGR	chemical	1
RIMR	RIML	chemical	1
RIMR	RIS	chemical	1
RIMR	RMDL	chemical	6
RIMR	RMDR	chemical	3
RIMR	RMFL	chemical	1
RIMR	RMFR	chemical	4
RIMR	SAADL	chemical	5
RIMR	SAADR	chemical	2
RIMR	SAAVL	chemical	5
RIMR	SAAVR	chemical	6
RIMR	SMDDL	chemical	5
RIMR	SMDDR	chemical	6
RIMR	SMDVL	chemical	2
RIMR	SMDVR	chemical	6
RIPL	RIPL	electrical	1
RIPR	RIPR	electrical	1
RIR	ADFL	chemical	1
RIR	ADFR	chemical	2
RIR	AIYL	chemical	2
RIR	AIZL	chemical	9
RIR	AIZR	chemical	11
RIR	AQR	chemical	5
RIR	AUAR	chemical	2
RIR	AVEL	chemical	1
RIR	AVER	chemical	1
RIR	AVHL	chemical	1
RIR	DVA	chemical	5
RIR	PVPL	chemical	2
RIR	PVPR	chemical	1
RIR	RIAL	chemical	7
RIR	RIAR	chemical	9
RIR	RIGL	chemical	2
RIR	RIGR	chemical	1
RIR	SMBVL	chemical	2
RIR	URXL	chemical	6
RIR	URXR	chemical	8
RIS	AIBL	chemical	1
RIS	AVEL	chemical	10
RIS	AVER	chemical	7
RIS	AVKL	chemical	9
RIS	AVKR	chemical	9
RIS	CEPDL	chemical	4
RIS	CEPshDL	chemical	2
RIS	CEPVL	chemical	3
RIS	CEPVR	chemical	2
RIS	OLQDR	chemical	1
RIS	RIBL	chemical	11
RIS	RIBR	chemical	11
RIS	RICL	chemical	1
RIS	RIML	chemical	9
RIS	RIMR	chemical	8
RIS	RMDL	chemical	1
RIS	RMDR	chemical	2
RIS	RMEV	chemical	1
RIS	RMFL	chemical	1
RIS	SMDDL	chemical	2
RIS	SMDDR	chemical	2
RIS	SMDVL	chemical	1
RIS	URYDL	chemical	2
RIS	URYDR	chemical	2
RIS	URYVL	chemical	2
RIVL	ADEL	chemical	1
RIVL	AIBL	electrical	1
RIVL	BWM-VL07	chemical	1
RIVL	BWM-VR03	chemical	1
RIVL	BWM-VR04	chemical	4
RIVL	BWM-VR05	chemical	4
RIVL	BWM-VR06	chemical	4
RIVL	BWM-VR07	chemical	5
RIVL	BWM-VR08	chemical	1
RIVL	excgl	chemical	2
RIVL	RIAL	chemical	5
RIVL	RIAR	chemical	3
RIVL	RIBL	electrical	1
RIVL	RMDDR	chemical	2
RIVL	RMDL	chemical	1
RIVL	RMDVL	chemical	3
RIVL	SAADR	chemical	4
RIVL	SIAVR	chemical	6
RIVL	SMDDR	chemical	2
RIVL	SMDVL	chemical	2
RIVL	SMDVL	electrical	1
RIVR	BWM-VL04	chemical	1
RIVR	BWM-VL05	chemical	5
RIVR	BWM-VL06	chemical	5
RIVR	BWM-VL07	chemical	6
RIVR	BWM-VL08	chemical	6
RIVR	RIAL	chemical	1
RIVR	RIAR	chemical	3
RIVR	RMDDL	chemical	2
RIVR	RMDR	chemical	2
RIVR	RMDVR	chemical	7
RIVR	RMGL	chemical	1
RIVR	SAADL	chemical	2
RIVR	SIAVL	chemical	10
RIVR	SMDDL	chemical	1
RIVR	SMDVR	chemical	1
RMDDL	BWM-DL01	chemical	1
RMDDL	BWM-DL03	chemical	3
RMDDL	BWM-DL05	chemical	1
RMDDL	BWM-DR01	chemical	7
RMDDL	BWM-DR02	chemical	5
RMDDL	BWM-DR02	electrical	1
RMDDL	BWM-DR03	chemical	8
RMDDL	BWM-DR04	chemical	8
RMDDL	BWM-DR05	chemical	7
RMDDL	BWM-DR07	chemical	3
RMDDL	OLQVL	electrical	1
RMDDL	RIAR	electrical	1
RMDDL	RMDL	electrical	2
RMDDL	RMDVR	chemical	11
RMDDL	RMEV	chemical	3
RMDDL	SAADL	electrical	2
RMDDL	SIAVR	electrical	1
RMDDL	URADR	chemical	1
RMDDL	URYDR	chemical	1
RMDDR	BWM-DL01	chemical	5
RMDDR	BWM-DL02	chemical	9
RMDDR	BWM-DL02	electrical	1
RMDDR	BWM-DL03	chemical	5
RMDDR	BWM-DL04	chemical	6
RMDDR	BWM-DL05	chemical	3
RMDDR	BWM-DL07	chemical	1
RMDDR	BWM-DR03	chemical	1
RMDDR	BWM-DR05	chemical	3
RMDDR	OLQVR	electrical	1
RMDDR	RMDDL	chemical	1
RMDDR	RMDDL	electrical	2
RMDDR	RMDDR	chemical	2
RMDDR	RMDR	electrical	1
RMDDR	RMDVL	chemical	11
RMDDR	RMDVR	electrical	1
RMDDR	RMED	chemical	2
RMDDR	RMEV	chemical	1
RMDDR	SAADR	electrical	2
RMDDR	SIBDR	electrical	1
RMDDR	SMBDR	chemical	1
RMDDR	SMDDR	electrical	1
RMDDR	URYDL	chemical	1
RMDL	ADER	chemical	1
RMDL	AVEL	chemical	1
RMDL	BWM-DR02	chemical	1
RMDL	BWM-DR04	chemical	6
RMDL	BWM-DR06	chemical	1
RMDL	BWM-DR08	chemical	1
RMDL	BWM-VR02	chemical	2
RMDL	BWM-VR04	chemical	9
RMDL	BWM-VR06	chemical	1
RMDL	IL1R	chemical	3
RMDL	RIAL	chemical	15
RMDL	RIAR	chemical	8
RMDL	RIAR	electrical	1
RMDL	RIML	chemical	1
RMDL	RIVL	chemical	1
RMDL	RMDDR	chemical	3
RMDL	RMDR	chemical	12
RMDL	RMEL	chemical	2
RMDL	RMEL	electrical	1
RMDL	RMFL	chemical	5
RMDL	RMHL	chemical	1
RMDL	RMHL	electrical	1
RMDL	SIBDR	chemical	1
RMDL	SMBVR	chemical	1
RMDL	SMDVL	chemical	2
RMDR	BWM-DL02	chemical	2
RMDR	BWM-DL04	chemical	5
RMDR	BWM-DL06	chemical	2
RMDR	BWM-VL02	chemical	5
RMDR	BWM-VL04	chemical	5
RMDR	BWM-VL06	chemical	1
RMDR	IL1L	chemical	1
RMDR	RIAL	chemical	7
RMDR	RIAR	chemical	14
RMDR	RMDDL	chemical	2
RMDR	RMDDR	chemical	1
RMDR	RMDL	chemical	7
RMDR	RMDVL	chemical	1
RMDR	RMDVR	chemical	1
RMDR	RMER	chemical	2
RMDR	RMHR	chemical	3
RMDR	SMDDR	chemical	1
RMDVL	BWM-DR02	chemical	1
RMDVL	BWM-VL01	chemical	1
RMDVL	BWM-VL03	chemical	2
RMDVL	BWM-VL05	chemical	1
RMDVL	BWM-VR01	chemical	2
RMDVL	BWM-VR02	chemical	6
RMDVL	BWM-VR02	electrical	1
RMDVL	BWM-VR03	chemical	8
RMDVL	BWM-VR04	chemical	9
RMDVL	BWM-VR05	chemical	8
RMDVL	BWM-VR05	electrical	1
RMDVL	BWM-VR06	chemical	2
RMDVL	BWM-VR07	chemical	4
RMDVL	IL1VR	chemical	1
RMDVL	RMDDL	electrical	1
RMDVL	RMDDR	chemical	11
RMDVL	RMDL	electrical	1
RMDVL	RMDVR	electrical	1
RMDVL	RMED	chemical	1
RMDVL	SIBDR	chemical	1
RMDVL	SMBVR	chemical	1
RMDVL	SMDVL	electrical	1
RMDVR	BWM-VL01	chemical	8
RMDVR	BWM-VL02	chemical	4
RMDVR	BWM-VL03	chemical	9
RMDVR	BWM-VL03	electrical	1
RMDVR	BWM-VL04	chemical	9
RMDVR	BWM-VL05	chemical	7
RMDVR	BWM-VL06	chemical	3
RMDVR	BWM-VL07	chemical	2
RMDVR	BWM-VR03	chemical	2
RMDVR	BWM-VR05	chemical	3
RMDVR	BWM-VR05	electrical	1
RMDVR	RMDDL	chemical	10
RMDVR	RMDR	electrical	2
RMDVR	RMDVL	chemical	4
RMDVR	RMED	chemical	3
RMDVR	SAAVR	electrical	2
RMDVR	SMBVL	chemical	2
RMDVR	SMDVR	electrical	1
RMED	BWM-VL01	chemical	11
RMED	BWM-VL03	chemical	6
RMED	BWM-VL05	chemical	2
RMED	BWM-VR01	chemical	11
RMED	BWM-VR03	chemical	8
RMED	BWM-VR05	chemical	3
RMED	IL1VL	electrical	1
RMED	RMDVL	chemical	1
RMED	RMEL	electrical	1
RMED	RMER	electrical	1
RMED	SMDDL	chemical	1
RMED	SMDDR	chemical	2
RMEL	BWM-DR02	chemical	6
RMEL	BWM-DR04	chemical	4
RMEL	BWM-VR02	chemical	19
RMEL	BWM-VR04	chemical	8
RMEL	IL1R	chemical	1
RMEL	RMEL	chemical	2
RMEL	RMEV	electrical	1
RMER	BWM-DL02	chemical	16
RMER	BWM-DL04	chemical	3
RMER	BWM-VL02	chemical	12
RMER	BWM-VL04	chemical	1
RMER	RMEV	electrical	1
RMEV	BWM-DL01	chemical	8
RMEV	BWM-DL03	chemical	9
RMEV	BWM-DR01	chemical	8
RMEV	BWM-DR02	chemical	1
RMEV	BWM-DR03	chemical	7
RMEV	BWM-DR05	chemical	4
RMEV	RMDDR	chemical	1
RMEV	SMDVL	chemical	2
RMEV	SMDVR	chemical	1
RMFL	AVKL	chemical	7
RMFL	AVKR	chemical	10
RMFL	AWCL	chemical	1
RMFL	BAGL	chemical	2
RMFL	BWM-DR02	chemical	5
RMFL	BWM-DR04	chemical	5
RMFL	BWM-VR02	chemical	4
RMFL	BWM-VR04	chemical	3
RMFL	CEPshVR	chemical	1
RMFL	CEPVR	chemical	1
RMFL	PVT	chemical	1
RMFL	RIML	chemical	1
RMFL	RMDL	chemical	4
RMFL	RMDL	electrical	1
RMFL	RMDR	chemical	9
RMFL	RMEL	chemical	1
RMFL	RMGR	electrical	1
RMFL	RMHL	chemical	5
RMFR	AIBR	chemical	1
RMFR	AVEL	chemical	1
RMFR	AVKL	chemical	9
RMFR	AVKR	chemical	4
RMFR	BAGR	chemical	1
RMFR	BWM-DL02	chemical	12
RMFR	BWM-DL04	chemical	4
RMFR	BWM-VL02	chemical	6
RMFR	BWM-VL04	chemical	5
RMFR	CEPDL	chemical	1
RMFR	DVC	chemical	1
RMFR	IL1L	chemical	1
RMFR	RIGL	chemical	3
RMFR	RIS	chemical	2
RMFR	RIVR	chemical	1
RMFR	RMDL	chemical	9
RMFR	RMDR	chemical	2
RMFR	RMDR	electrical	1
RMFR	RMDVL	chemical	1
RMFR	RMGL	chemical	1
RMFR	RMHR	chemical	6
RMGL	AIML	chemical	1
RMGL	AIML	electrical	1
RMGL	ALML	chemical	1
RMGL	AVAL	chemical	1
RMGL	AVBL	chemical	2
RMGL	AVEL	chemical	2
RMGL	AVJR	chemical	1
RMGL	BWM-DL04	chemical	3
RMGL	BWM-DL06	chemical	3
RMGL	BWM-DL08	chemical	3
RMGL	BWM-VL06	chemical	3
RMGL	BWM-VL08	chemical	3
RMGL	IL2L	chemical	1
RMGL	IL2L	electrical	1
RMGL	RID	chemical	2
RMGL	RMDL	chemical	4
RMGL	RMDR	chemical	5
RMGL	RMDR	electrical	1
RMGL	RMDVL	chemical	2
RMGL	RMDVR	chemical	1
RMGL	RMHL	electrical	2
RMGL	SAADR	chemical	1
RMGL	SAAVL	chemical	1
RMGL	SAAVR	chemical	1
RMGL	SIBDL	chemical	2
RMGL	SIBDR	chemical	1
RMGL	SIBVL	chemical	2
RMGL	SMBVL	chemical	1
RMGL	URXL	chemical	1
RMGR	AIMR	chemical	2
RMGR	ASHR	chemical	1
RMGR	ASKR	electrical	1
RMGR	AVBR	chemical	1
RMGR	AVER	chemical	2
RMGR	AVFL	chemical	1
RMGR	AVFR	chemical	1
RMGR	BWM-DR02	chemical	1
RMGR	BWM-DR06	chemical	4
RMGR	BWM-DR08	chemical	1
RMGR	BWM-VR02	chemical	1
RMGR	BWM-VR04	chemical	1
RMGR	BWM-VR06	chemical	3
RMGR	BWM-VR08	chemical	2
RMGR	IL2R	electrical	1
RMGR	RMDL	chemical	5
RMGR	RMDR	chemical	4
RMGR	RMDVL	chemical	1
RMGR	RMDVR	chemical	2
RMGR	RMHL	chemical	1
RMGR	RMHR	electrical	1
RMGR	SAADR	chemical	1
RMGR	SIADL	chemical	1
RMGR	SIBDL	chemical	1
RMGR	SIBDR	chemical	1
RMGR	SIBVR	chemical	1
RMGR	SMBVR	chemical	1
RMGR	URXR	chemical	1
RMHL	AVKL	chemical	2
RMHL	BWM-DR02	chemical	4
RMHL	BWM-VR02	chemical	2
RMHL	RIGR	chemical	2
RMHL	RMDL	chemical	2
RMHL	RMDR	chemical	4
RMHL	RMFL	chemical	3
RMHL	RMGR	chemical	1
RMHR	AVKR	chemical	1
RMHR	BWM-DL02	chemical	6
RMHR	BWM-DL04	chemical	4
RMHR	BWM-VL02	chemical	5
RMHR	BWM-VL04	chemical	4
RMHR	IL1L	electrical	1
RMHR	RIGL	chemical	1
RMHR	RMDL	chemical	4
RMHR	RMDR	chemical	2
RMHR	RMDR	electrical	1
RMHR	RMFR	chemical	7
SAADL	ALNR	electrical	1
SAADL	AVAL	chemical	11
SAADL	OLLR	chemical	3
SAADL	RIML	chemical	5
SAADL	RIMR	chemical	10
SAADL	RMFR	chemical	3
SAADL	SMBDL	electrical	3
SAADL	SMDVR	chemical	3
SAADR	ALNL	electrical	1
SAADR	AVAL	chemical	1
SAADR	AVAR	chemical	9
SAADR	AVEL	chemical	1
SAADR	OLLL	chemical	1
SAADR	RIML	chemical	8
SAADR	RIMR	chemical	8
SAADR	RMFL	chemical	2
SAADR	RMGL	chemical	1
SAADR	SMBDR	electrical	3
SAADR	SMDVL	chemical	5
SAAVL	AIBL	chemical	1
SAAVL	AVAL	chemical	19
SAAVL	RIML	chemical	2
SAAVL	RIMR	chemical	15
SAAVL	RMDVL	electrical	1
SAAVL	RMFR	chemical	2
SAAVL	SAADR	electrical	1
SAAVL	SMBVR	electrical	2
SAAVL	SMDDR	chemical	7
SAAVR	AVAR	chemical	21
SAAVR	RIML	chemical	17
SAAVR	RIMR	chemical	6
SAAVR	SMBVL	electrical	1
SAAVR	SMDDL	chemical	6
SDQL	AIBL	chemical	1
SDQL	AIBR	chemical	2
SDQL	AVAL	chemical	2
SDQL	AVAR	chemical	3
SDQL	FLPL	chemical	1
SDQL	IL1L	chemical	1
SDQL	RIS	chemical	1
SDQL	SMBVL	chemical	1
SDQL	SMDDL	chemical	1
SDQR	AIBL	chemical	1
SDQR	AVAR	chemical	1
SDQR	AVBL	chemical	3
SDQR	AVBR	chemical	8
SDQR	DVA	chemical	7
SDQR	RICR	chemical	1
SDQR	SDQL	chemical	1
SDQR	SIBVL	chemical	1
SDQR	SMDDR	chemical	1
SIBDL	RIBL	electrical	1
SIBVL	RIBL	electrical	3
SIBVL	SMBDR	electrical	1
SIBVR	SMBDR	electrical	1
SMBDL	ADAL	chemical	3
SMBDL	ALNR	chemical	2
SMBDL	BWM-DR01	chemical	3
SMBDL	BWM-DR02	chemical	1
SMBDL	BWM-DR03	chemical	4
SMBDL	BWM-DR04	chemical	3
SMBDL	BWM-DR05	chemical	5
SMBDL	BWM-DR06	chemical	1
SMBDL	BWM-DR07	chemical	2
SMBDL	RMDDL	chemical	1
SMBDL	RMED	chemical	4
SMBDL	SAAVL	chemical	2
SMBDL	SAAVR	chemical	9
SMBDR	ADAL	chemical	1
SMBDR	ALNL	chemical	3
SMBDR	AVAL	chemical	1
SMBDR	BWM-DL01	chemical	4
SMBDR	BWM-DL02	chemical	3
SMBDR	BWM-DL03	chemical	4
SMBDR	BWM-DL04	chemical	3
SMBDR	BWM-DL05	chemical	5
SMBDR	BWM-DL06	chemical	2
SMBDR	BWM-DL07	chemical	1
SMBDR	RMDDR	chemical	1
SMBDR	RMED	chemical	5
SMBDR	SAAVL	chemical	7
SMBDR	SAAVR	chemical	1
SMBDR	SIADR	chemical	1
SMBDR	SIBDL	chemical	2
SMBVL	BWM-VL01	chemical	3
SMBVL	BWM-VL02	chemical	3
SMBVL	BWM-VL03	chemical	6
SMBVL	BWM-VL04	chemical	3
SMBVL	BWM-VL05	chemical	4
SMBVL	BWM-VL06	chemical	1
SMBVL	BWM-VL07	chemical	2
SMBVL	excgl	chemical	1
SMBVL	PLNL	chemical	2
SMBVL	RMDVR	chemical	2
SMBVL	RMEV	chemical	3
SMBVL	SAADL	chemical	6
SMBVR	BWM-VR01	chemical	4
SMBVR	BWM-VR02	chemical	1
SMBVR	BWM-VR03	chemical	5
SMBVR	BWM-VR04	chemical	4
SMBVR	BWM-VR05	chemical	7
SMBVR	BWM-VR06	chemical	1
SMBVR	BWM-VR07	chemical	4
SMBVR	BWM-VR08	chemical	1
SMBVR	CEPVR	chemical	2
SMBVR	excgl	chemical	1
SMBVR	PLNR	chemical	3
SMBVR	RMDVL	chemical	1
SMBVR	RMEV	chemical	6
SMBVR	SAADR	chemical	6
SMDDL	BWM-DR01	chemical	1
SMDDL	BWM-DR03	chemical	2
SMDDL	BWM-DR04	chemical	1
SMDDL	BWM-DR05	chemical	5
SMDDL	BWM-DR06	chemical	1
SMDDL	BWM-DR07	chemical	1
SMDDL	CEPDR	chemical	1
SMDDL	RIAL	chemical	8
SMDDL	RIAR	chemical	7
SMDDL	RIML	chemical	1
SMDDL	RMDDL	electrical	1
SMDDL	RMDL	electrical	1
SMDDL	RMDR	chemical	2
SMDDL	SMDDR	electrical	1
SMDDL	SMDVR	chemical	7
SMDDR	BWM-DL01	chemical	1
SMDDR	BWM-DL03	chemical	3
SMDDR	BWM-DL04	chemical	1
SMDDR	BWM-DL05	chemical	3
SMDDR	BWM-DL06	chemical	1
SMDDR	BWM-DL07	chemical	1
SMDDR	BWM-DR05	chemical	1
SMDDR	RIAL	chemical	8
SMDDR	RIAR	chemical	5
SMDDR	RIMR	chemical	1
SMDDR	RIS	chemical	1
SMDDR	RMDL	chemical	1
SMDDR	RMDR	chemical	2
SMDDR	SMDVL	chemical	7
SMDVL	AVKR	electrical	1
SMDVL	BWM-VL03	chemical	1
SMDVL	BWM-VR01	chemical	1
SMDVL	BWM-VR03	chemical	2
SMDVL	BWM-VR05	chemical	1
SMDVL	RIAL	chemical	7
SMDVL	RIAL	electrical	1
SMDVL	RIAR	chemical	11
SMDVL	RIBL	electrical	1
SMDVL	SMDDR	chemical	7
SMDVR	BWM-VL01	chemical	1
SMDVR	BWM-VL03	chemical	2
SMDVR	BWM-VL04	chemical	1
SMDVR	BWM-VL05	chemical	2
SMDVR	BWM-VL06	chemical	1
SMDVR	CEPVL	chemical	1
SMDVR	OLLL	chemical	1
SMDVR	RIAL	chemical	7
SMDVR	RIAR	chemical	6
SMDVR	RIMR	chemical	1
SMDVR	RIS	chemical	1
SMDVR	SMDDL	chemical	7
URADL	BWM-DL01	chemical	9
URADL	BWM-DL02	chemical	5
URADL	BWM-DL03	chemical	4
URADL	BWM-DL04	chemical	2
URADL	BWM-VL02	chemical	1
URADL	IL1DL	chemical	4
URADL	RIPL	chemical	5
URADL	RMDDR	chemical	3
URADL	RMED	chemical	2
URADL	RMEL	chemical	2
URADR	BWM-DR01	chemical	6
URADR	BWM-DR02	chemical	5
URADR	BWM-DR03	chemical	3
URADR	IL1DR	chemical	3
URADR	IL1R	chemical	1
URADR	RIPR	chemical	4
URADR	RMDDL	chemical	1
URADR	RMED	chemical	2
URADR	RMER	chemical	2
URAVL	BWM-VL01	chemical	6
URAVL	BWM-VL02	chemical	9
URAVL	BWM-VL03	chemical	1
URAVL	IL1VL	chemical	5
URAVL	RIPL	chemical	3
URAVL	RMEL	chemical	4
URAVL	RMEV	chemical	3
URAVR	BWM-VR01	chemical	7
URAVR	BWM-VR02	chemical	7
URAVR	BWM-VR03	chemical	2
URAVR	BWM-VR04	chemical	2
URAVR	GLRR	chemical	1
URAVR	IL1R	chemical	1
URAVR	IL1VR	chemical	1
URAVR	RIPR	chemical	2
URAVR	RMER	chemical	3
URAVR	RMEV	chemical	2
URBL	ADAL	chemical	5
URBL	ADEL	chemical	1
URBL	AVBL	chemical	2
URBL	AVDL	chemical	1
URBL	CEPDL	chemical	2
URBL	CEPVL	chemical	1
URBL	IL1L	chemical	3
URBL	OLLL	chemical	1
URBL	RICL	chemical	1
URBL	RICR	chemical	5
URBL	RMDDL	chemical	1
URBL	RMDDR	chemical	1
URBL	RMDR	chemical	1
URBL	RMGL	chemical	1
URBL	RMHR	chemical	1
URBL	SIADR	chemical	1
URBL	SMBVL	chemical	1
URBL	SMDDR	chemical	1
URBL	URBL	chemical	2
URBL	URXL	chemical	9
URBR	ADAR	chemical	3
URBR	AVBR	chemical	1
URBR	CEPDR	chemical	2
URBR	CEPVR	chemical	1
URBR	IL1R	chemical	1
URBR	OLLR	chemical	1
URBR	RICL	chemical	2
URBR	RMDL	chemical	1
URBR	SDQR	chemical	1
URBR	SIAVR	chemical	2
URBR	SMBDL	chemical	1
URBR	URXR	chemical	8
URXL	AQR	chemical	1
URXL	AUAL	chemical	14
URXL	AVEL	chemical	4
URXL	IL2L	chemical	1
URXL	IL2L	electrical	1
URXL	RIAL	chemical	21
URXL	RICL	chemical	3
URXL	RICR	chemical	2
URXL	RIGL	chemical	10
URXL	RIR	chemical	7
URXL	RMGL	chemical	2
URXL	RMGL	electrical	2
URXL	SMBDR	chemical	1
URXR	AIBL	chemical	1
URXR	ALMR	electrical	2
URXR	AQR	chemical	1
URXR	AUAR	chemical	17
URXR	AVER	chemical	3
URXR	IL1R	chemical	1
URXR	IL2R	chemical	3
URXR	IL2R	electrical	1
URXR	RIAR	chemical	29
URXR	RICL	chemical	1
URXR	RICR	chemical	4
URXR	RIGR	chemical	9
URXR	RIR	chemical	7
URXR	RMGR	chemical	1
URXR	RMGR	electrical	1
URXR	URBR	electrical	1
URYDL	AVBL	chemical	1
URYDL	AVBR	chemical	1
URYDL	AVDL	chemical	2
URYDL	AVDR	chemical	1
URYDL	AVEL	chemical	1
URYDL	AVER	chemical	7
URYDL	BWM-DL01	chemical	1
URYDL	BWM-DL03	chemical	3
URYDL	CEPDL	chemical	3
URYDL	IL1DL	chemical	6
URYDL	OLQDL	chemical	1
URYDL	RIBL	chemical	3
URYDL	RID	chemical	1
URYDL	RMDDR	chemical	6
URYDL	RMDVL	chemical	16
URYDL	SMDDR	chemical	7
URYDR	AVAR	electrical	1
URYDR	AVBR	chemical	1
URYDR	AVDR	chemical	1
URYDR	AVEL	chemical	5
URYDR	BWM-DR01	chemical	2
URYDR	BWM-DR03	chemical	1
URYDR	IL1DR	chemical	4
URYDR	OLLR	chemical	1
URYDR	OLQDR	chemical	1
URYDR	RIBR	chemical	3
URYDR	RMDDL	chemical	7
URYDR	RMDVR	chemical	16
URYDR	SMDDL	chemical	4
URYVL	AVBL	chemical	1
URYVL	AVER	chemical	11
URYVL	BWM-VL01	chemical	1
URYVL	BWM-VL03	chemical	1
URYVL	IL1VL	chemical	3
URYVL	OLLL	chemical	1
URYVL	RIBL	chemical	7
URYVL	RID	chemical	1
URYVL	RIS	chemical	1
URYVL	RMDDL	chemical	14
URYVL	RMDVR	chemical	6
URYVL	SIBVL	chemical	1
URYVL	SIBVR	chemical	2
URYVL	SMDVR	chemical	6
URYVR	AIBL	chemical	1
URYVR	AVAL	chemical	1
URYVR	AVAR	electrical	1
URYVR	AVBL	chemical	3
URYVR	AVBR	chemical	2
URYVR	AVDL	chemical	1
URYVR	AVEL	chemical	6
URYVR	BWM-VR01	chemical	1
URYVR	BWM-VR03	chemical	2
URYVR	BWM-VR05	chemical	1
URYVR	IL1VR	chemical	3
URYVR	RIBR	chemical	2
URYVR	RIGR	electrical	1
URYVR	RIPR	chemical	1
URYVR	RMDDR	chemical	11
URYVR	RMDVL	chemical	8
URYVR	SIBDR	chemical	1
URYVR	SIBVL	chemical	2
URYVR	SIBVR	chemical	1
URYVR	SMDVL	chemical	4